datetime	USA	Canada	Mexico	Italy	France	Germany	Spain	UK	Japan	S. Korea	India	Philippines	Brazil	Venezuela	Peru	South Africa	Egypt	Nigeria	Ethiopia	Iran	Israel	Australia

2020-04-28 19:23:07.143794	0.3124	0.1325	0.012	0.3333	0.2542	0.1907	0.4965	0.2374	0.0108	0.021	0.0023	0.0073	0.0343	0.0012	0.0946	0.0084	0.0049	0.0006	0.0001	0.1102	0.1817	0.0264	
2020-04-28 19:25:44.847000	0.3124	0.1325	0.012	0.3333	0.2542	0.1907	0.4965	0.2374	0.0108	0.021	0.0023	0.0073	0.0343	0.0012	0.0946	0.0084	0.0049	0.0006	0.0001	0.1102	0.1817	0.0264	
2020-04-29 05:15:02.500926	0.3129	0.1325	0.013	0.3333	0.2542	0.1909	0.4965	0.2374	0.0109	0.021	0.0023	0.0075	0.0345	0.0012	0.0946	0.0084	0.0049	0.0007	0.0001	0.1102	0.1823	0.0264	
2020-04-29 17:15:03.052925	0.3188	0.1357	0.013	0.3367	0.255	0.1924	0.5067	0.2434	0.0109	0.021	0.0024	0.0075	0.0368	0.0012	0.1029	0.009	0.0051	0.0007	0.0001	0.1115	0.1823	0.0265	
2020-04-30 05:15:03.093615	0.3216	0.1367	0.0138	0.3367	0.255	0.1928	0.5067	0.2434	0.011	0.021	0.0024	0.0077	0.0375	0.0012	0.1029	0.009	0.0051	0.0008	0.0001	0.1115	0.1834	0.0265	
2020-04-30 17:15:02.531917	0.3295	0.1405	0.0138	0.3398	0.2561	0.194	0.5125	0.2523	0.011	0.021	0.0025	0.0077	0.0402	0.0012	0.1121	0.0095	0.0054	0.0008	0.0001	0.1127	0.1842	0.0265	
2020-05-01 05:15:03.132855	0.3309	0.1411	0.0149	0.3398	0.2561	0.1946	0.5125	0.2523	0.0111	0.021	0.0025	0.008	0.041	0.0012	0.1121	0.0095	0.0054	0.0009	0.0001	0.1127	0.1849	0.0265	
2020-05-01 17:15:02.426416	0.3398	0.1452	0.0149	0.3431	0.2564	0.1957	0.5197	0.2614	0.0111	0.021	0.0027	0.008	0.0431	0.0012	0.1227	0.01	0.0058	0.0009	0.0001	0.1139	0.186	0.0265	
2020-05-02 05:15:02.945942	0.3418	0.1459	0.0161	0.3431	0.2564	0.1958	0.5197	0.2614	0.0113	0.021	0.0027	0.0081	0.0434	0.0012	0.1227	0.01	0.0058	0.0011	0.0001	0.1139	0.1866	0.0266	
2020-05-02 17:15:03.116964	0.3489	0.15	0.0161	0.3462	0.258	0.1967	0.5252	0.2685	0.0113	0.021	0.0029	0.0081	0.0437	0.0012	0.129	0.0107	0.0061	0.0011	0.0001	0.1148	0.187	0.0266	
2020-05-03 05:15:02.497494	0.3507	0.1503	0.0171	0.3462	0.258	0.1969	0.5252	0.2685	0.0115	0.0211	0.0029	0.0084	0.0457	0.0012	0.129	0.0107	0.0061	0.0012	0.0001	0.1148	0.1871	0.0267	
2020-05-03 17:15:02.660087	0.3579	0.1573	0.0171	0.3485	0.2584	0.1976	0.5285	0.2749	0.0115	0.0211	0.0031	0.0084	0.0476	0.0012	0.1393	0.0114	0.0063	0.0012	0.0001	0.116	0.1873	0.0267		
2020-05-04 20:27:27.656543	0.3663	0.161	0.0182	0.3505	0.2596	0.1983	0.5311	0.2807	0.0119	0.0211	0.0034	0.0087	0.0507	0.0013	0.1437	0.0122	0.0067	0.0012	0.0001	0.1174	0.1877	0.0268	
2020-05-05 05:15:02.985409	0.3664	0.161	0.0193	0.3505	0.2596	0.1983	0.5311	0.2807	0.0119	0.0211	0.0034	0.0088	0.0511	0.0013	0.1437	0.0122	0.0067	0.0014	0.0001	0.1174	0.1879	0.0269	
2020-05-05 17:15:02.390760	0.3727	0.1642	0.0193	0.3523	0.2613	0.199	0.5359	0.2872	0.0119	0.0211	0.0036	0.0088	0.0518	0.0013	0.1553	0.0128	0.007	0.0014	0.0001	0.119	0.1882	0.0269	
2020-05-05 20:35:06.803303	0.3739	0.1644	0.0193	0.3523	0.2613	0.1993	0.5359	0.2872	0.0121	0.0211	0.0036	0.0088	0.054	0.0013	0.1553	0.0128	0.007	0.0014	0.0001	0.119	0.1882	0.0269	
2020-05-06 05:15:06.255796	0.3739	0.1644	0.0202	0.3523	0.2613	0.1993	0.5359	0.2872	0.0121	0.0211	0.0036	0.0091	0.0546	0.0013	0.1553	0.0128	0.007	0.0014	0.0001	0.119	0.1885	0.027	
2020-05-06 17:15:06.537107	0.3795	0.168	0.0202	0.3547	0.2669	0.2003	0.5426	0.2962	0.0121	0.0211	0.0038	0.0091	0.0572	0.0013	0.1663	0.0132	0.0074	0.0014	0.0001	0.121	0.1884	0.027	
2020-05-07 05:15:06.143430	0.3816	0.1682	0.0214	0.3547	0.2669	0.2007	0.5426	0.2962	0.0121	0.0211	0.0038	0.0094	0.0596	0.0013	0.1663	0.0132	0.0074	0.0015	0.0001	0.121	0.1889	0.027	
2020-05-07 17:15:06.234009	0.389	0.1718	0.0214	0.357	0.2678	0.2022	0.5494	0.3045	0.0121	0.0211	0.0041	0.0094	0.0601	0.0013	0.1775	0.0139	0.0078	0.0015	0.0002	0.1228	0.1893	0.027	
2020-05-08 05:15:06.389946	0.3906	0.172	0.023	0.357	0.2678	0.2022	0.5494	0.3045	0.0122	0.0211	0.0041	0.0095	0.0639	0.0013	0.1775	0.0139	0.0078	0.0017	0.0002	0.1228	0.1893	0.0271	
2020-05-08 17:15:06.408132	0.3981	0.1757	0.023	0.3592	0.2698	0.2035	0.5563	0.3114	0.0123	0.0211	0.0043	0.0095	0.0664	0.0013	0.1876	0.015	0.0083	0.0017	0.0002	0.1246	0.1899	0.0271	
2020-05-09 05:15:06.603268	0.3994	0.176	0.0244	0.3592	0.2698	0.2036	0.5563	0.3114	0.0123	0.0211	0.0043	0.0097	0.0691	0.0014	0.1876	0.015	0.0083	0.0019	0.0002	0.1246	0.19	0.0272	
2020-05-09 17:15:06.300407	0.4055	0.1792	0.0244	0.361	0.2706	0.2044	0.562	0.3171	0.0123	0.0211	0.0046	0.0097	0.0701	0.0014	0.1972	0.0159	0.0088	0.0019	0.0002	0.1265	0.1901	0.0272	
2020-05-10 05:15:06.559457	0.407	0.1794	0.026	0.361	0.2706	0.2045	0.562	0.3171	0.0124	0.0212	0.0046	0.0099	0.0734	0.0014	0.1972	0.0159	0.0088	0.002	0.0002	0.1265	0.1901	0.0272	
2020-05-10 17:15:06.516164	0.4124	0.1822	0.026	0.3623	0.2711	0.205	0.5661	0.3229	0.0124	0.0212	0.0049	0.0099	0.0742	0.0014	0.2041	0.0169	0.0092	0.002	0.0002	0.1281	0.1904	0.0272	
2020-05-11 05:15:06.471534	0.4133	0.1824	0.0272	0.3623	0.2711	0.2051	0.5661	0.3229	0.0125	0.0213	0.0049	0.0101	0.0765	0.0015	0.2041	0.0169	0.0092	0.0021	0.0002	0.1281	0.1905	0.0272	
2020-05-11 17:15:06.181538	0.4172	0.1852	0.0272	0.3636	0.2718	0.2059	0.5735	0.3286	0.0125	0.0213	0.0051	0.0101	0.0778	0.0015	0.2087	0.018	0.0095	0.0021	0.0002	0.1301	0.1907	0.0272	
2020-05-12 05:15:06.613325	0.4187	0.1854	0.0282	0.3636	0.2718	0.206	0.5735	0.3286	0.0125	0.0213	0.0052	0.0104	0.0798	0.0015	0.2087	0.018	0.0095	0.0023	0.0002	0.1301	0.1909	0.0273	
2020-05-12 17:15:06.734343	0.4244	0.1884	0.0282	0.3659	0.273	0.2065	0.5765	0.3336	0.0125	0.0213	0.0054	0.0104	0.0815	0.0015	0.2185	0.0191	0.0099	0.0023	0.0002	0.1319	0.191	0.0273	
2020-05-13 05:15:06.990950	0.4256	0.1885	0.0297	0.3659	0.273	0.2068	0.5765	0.3336	0.0126	0.0214	0.0054	0.0106	0.0838	0.0015	0.2185	0.0191	0.0099	0.0023	0.0002	0.1319	0.1911	0.0274	
2020-05-13 17:15:06.058199	0.4309	0.1913	0.0297	0.3673	0.2728	0.2078	0.5798	0.3384	0.0126	0.0214	0.0057	0.0106	0.0854	0.0015	0.2314	0.0204	0.0102	0.0023	0.0002	0.1342	0.1912	0.0274	
2020-05-14 05:15:06.790338	0.4321	0.1915	0.0312	0.3673	0.2728	0.2078	0.5798	0.3384	0.0127	0.0214	0.0057	0.0108	0.0895	0.0015	0.2314	0.0204	0.0102	0.0024	0.0002	0.1342	0.1912	0.0274	
2020-05-14 17:15:06.876548	0.4385	0.1943	0.0312	0.369	0.274	0.2088	0.5831	0.3434	0.0127	0.0214	0.0059	0.0108	0.0931	0.0015	0.2445	0.0215	0.0106	0.0024	0.0002	0.1364	0.1915	0.0274	
2020-05-15 05:15:07.505926	0.4404	0.1945	0.033	0.369	0.274	0.2088	0.5831	0.3434	0.0127	0.0215	0.006	0.011	0.0956	0.0016	0.2445	0.0215	0.0106	0.0025	0.0002	0.1364	0.1917	0.0275	
2020-05-15 17:15:07.502198	0.4472	0.1975	0.033	0.3703	0.2749	0.2094	0.5868	0.3487	0.0127	0.0215	0.0062	0.011	0.0998	0.0016	0.2563	0.0228	0.011	0.0025	0.0002	0.1389	0.1917	0.0275	
2020-05-16 05:15:06.781087	0.4484	0.1977	0.0349	0.3703	0.275	0.2097	0.5868	0.3487	0.0128	0.0215	0.0063	0.0112	0.1036	0.0016	0.2563	0.0228	0.011	0.0026	0.0002	0.1389	0.1919	0.0276	
2020-05-16 17:15:07.733009	0.4539	0.2008	0.0349	0.3717	0.275	0.21	0.5914	0.3538	0.0128	0.0215	0.0066	0.0112	0.1078	0.0016	0.2685	0.0242	0.0115	0.0026	0.0003	0.141	0.1919	0.0276	
2020-05-17 05:15:07.015459	0.4555	0.201	0.0366	0.3717	0.2748	0.2104	0.5914	0.3538	0.0128	0.0216	0.0066	0.0114	0.1099	0.0018	0.2685	0.0242	0.0115	0.0027	0.0003	0.141	0.1919	0.0276	
2020-05-17 17:15:06.937944	0.4604	0.2039	0.0366	0.3729	0.2751	0.2108	0.594	0.3584	0.0128	0.0216	0.0069	0.0114	0.1107	0.0018	0.2799	0.0262	0.012	0.0027	0.0003	0.1431	0.192	0.0276	
2020-05-18 05:15:07.273131	0.4616	0.204	0.0382	0.3729	0.2751	0.2108	0.594	0.359	0.0129	0.0216	0.007	0.0116	0.1134	0.0019	0.2799	0.0262	0.012	0.0029	0.0003	0.1431	0.192	0.0277	
2020-05-18 17:15:07.192312	0.4665	0.2067	0.0382	0.3736	0.2757	0.2116	0.595	0.363	0.0129	0.0216	0.0073	0.0116	0.1155	0.0019	0.2879	0.0277	0.0125	0.0029	0.0003	0.1458	0.1923	0.0277	
2020-05-19 05:15:07.579912	0.4684	0.2069	0.04	0.3736	0.2757	0.2116	0.595	0.363	0.0129	0.0216	0.0073	0.0118	0.1201	0.0022	0.2879	0.0277	0.0125	0.003	0.0003	0.1458	0.1924	0.0277	
2020-05-19 17:15:07.705067	0.4729	0.2095	0.04	0.3749	0.277	0.2122	0.5963	0.3665	0.0129	0.0216	0.0077	0.0118	0.1235	0.0022	0.3017	0.029	0.0132	0.003	0.0003	0.1483	0.1925	0.0277	
2020-05-20 05:15:06.994694	0.4745	0.2096	0.0422	0.3749	0.277	0.2123	0.5963	0.3665	0.0129	0.0217	0.0077	0.0121	0.1279	0.0026	0.3017	0.029	0.0132	0.0031	0.0003	0.1483	0.1925	0.0278	
2020-05-21 05:15:07.508726	0.4813	0.2123	0.0439	0.376	0.2782	0.2131	0.5979	0.3657	0.013	0.0217	0.0081	0.0123	0.138	0.0029	0.3155	0.0304	0.0139	0.0032	0.0003	0.1511	0.1926	0.0278	
2020-05-21 17:15:07.464076	0.4884	0.2154	0.0439	0.3771	0.2786	0.2136	0.5991	0.3696	0.013	0.0217	0.0086	0.0123	0.1393	0.0029	0.3299	0.0323	0.0147	0.0032	0.0003	0.154	0.1927	0.0278	
2020-05-22 05:15:06.829813	0.4898	0.2155	0.0462	0.3771	0.2786	0.2137	0.5991	0.3696	0.013	0.0217	0.0087	0.0124	0.1463	0.0031	0.3299	0.0323	0.0147	0.0034	0.0003	0.154	0.1928	0.0278	
2020-05-22 17:15:06.834035	0.4961	0.2184	0.0462	0.3782	0.2792	0.2145	0.6029	0.3744	0.013	0.0217	0.009	0.0124	0.1501	0.0031	0.3388	0.0339	0.0154	0.0034	0.0004	0.1567	0.1928	0.0278	
2020-05-23 05:15:07.117119	0.4971	0.2185	0.0485	0.3782	0.2792	0.2145	0.6029	0.3744	0.0131	0.0218	0.0091	0.0126	0.1564	0.0033	0.3388	0.0339	0.0154	0.0035	0.0004	0.1567	0.1928	0.0279	
2020-05-23 17:15:07.088383	0.5026	0.2215	0.0485	0.3793	0.2795	0.2148	0.6039	0.3788	0.0131	0.0218	0.0095	0.0126	0.1611	0.0033	0.3511	0.036	0.0161	0.0035	0.0004	0.159	0.1931	0.0279	
2020-05-24 05:15:07.637049	0.5036	0.2216	0.0511	0.3793	0.2795	0.2148	0.6039	0.3788	0.0131	0.0218	0.0096	0.0128	0.1642	0.0036	0.3511	0.036	0.0161	0.0037	0.0004	0.159	0.1931	0.0279	
2020-05-24 17:15:07.725119	0.5085	0.2243	0.0511	0.3802	0.2797	0.2152	0.605	0.3823	0.0131	0.0218	0.01	0.0128	0.1683	0.0036	0.3638	0.0381	0.0169	0.0037	0.0005	0.1616	0.1931	0.0279	
2020-05-25 05:15:06.998464	0.5095	0.2244	0.0532	0.3802	0.2797	0.2152	0.605	0.3823	0.0131	0.0219	0.0101	0.0131	0.1718	0.0039	0.3638	0.0381	0.0169	0.0038	0.0005	0.1616	0.1932	0.0279	
2020-05-25 17:15:07.020614	0.5144	0.227	0.0532	0.3807	0.2803	0.2158	0.6042	0.3847	0.0131	0.0219	0.0105	0.0131	0.1741	0.0039	0.3638	0.0398	0.0176	0.0038	0.0006	0.164	0.1933	0.0279	
2020-05-26 05:15:07.437526	0.5155	0.2271	0.0551	0.3807	0.2803	0.2158	0.6042	0.3847	0.0131	0.0219	0.0105	0.0134	0.1772	0.0041	0.376	0.0398	0.0176	0.0039	0.0006	0.164	0.1934	0.0279	
2020-05-26 17:15:07.952234	0.5197	0.2295	0.0551	0.3813	0.2799	0.2164	0.606	0.3907	0.0131	0.0219	0.0109	0.0134	0.1777	0.0041	0.376	0.0409	0.0183	0.0039	0.0006	0.1661	0.1936	0.028	
2020-05-27 05:15:07.432911	0.5212	0.2296	0.0578	0.3813	0.2799	0.2164	0.606	0.3907	0.0131	0.022	0.011	0.0137	0.1856	0.0043	0.3935	0.0409	0.0183	0.004	0.0006	0.1661	0.1938	0.028	
2020-05-27 17:15:08.596979	0.5259	0.2318	0.0578	0.3823	0.2802	0.2171	0.6071	0.3937	0.0131	0.022	0.0115	0.0137	0.188	0.0043	0.3935	0.0437	0.0192	0.004	0.0006	0.1686	0.194	0.028	
2020-05-28 05:15:07.359410	0.5274	0.2319	0.0605	0.3823	0.2802	0.2171	0.6071	0.3937	0.0132	0.0221	0.0115	0.0142	0.1951	0.0044	0.4122	0.0437	0.0192	0.0042	0.0006	0.1686	0.1942	0.028	
2020-05-28 17:15:07.809040	0.5333	0.2344	0.0605	0.3833	0.2853	0.2178	0.6095	0.3964	0.0132	0.0221	0.012	0.0142	0.1973	0.0044	0.4122	0.0437	0.0203	0.0042	0.0007	0.1713	0.1949	0.028	
2020-05-29 17:15:07.238374	0.5401	0.2368	0.0631	0.3841	0.2862	0.2184	0.6109	0.3995	0.0132	0.0222	0.0126	0.0152	0.2117	0.0047	0.43	0.0493	0.0216	0.0043	0.0008	0.1746	0.1963	0.0281	
2020-05-30 05:15:07.347783	0.5418	0.2369	0.0656	0.3841	0.2862	0.2184	0.6109	0.3995	0.0132	0.0223	0.0126	0.0152	0.2203	0.0048	0.4497	0.0493	0.0216	0.0045	0.0008	0.1746	0.1965	0.0282	
2020-05-30 17:15:07.862413	0.5475	0.2389	0.0656	0.3848	0.289	0.2188	0.6124	0.4019	0.0132	0.0223	0.0132	0.0157	0.2209	0.0048	0.4721	0.0522	0.0229	0.0045	0.0009	0.1773	0.1965	0.0282	
2020-05-31 05:15:07.933103	0.5489	0.239	0.0679	0.3848	0.289	0.2188	0.6124	0.4019	0.0133	0.0224	0.0132	0.0157	0.2352	0.0051	0.4721	0.0522	0.0229	0.0048	0.0009	0.1773	0.1967	0.0282	
2020-05-31 17:15:08.046761	0.5541	0.2409	0.0679	0.3854	0.2894	0.219	0.6128	0.4047	0.0133	0.0224	0.0138	0.0165	0.2384	0.0051	0.4721	0.0551	0.0244	0.0048	0.001	0.1803	0.1972	0.0282	
2020-06-11 18:19:17.675032	0.6218116283416748	0.258268266916275	0.10019487142562866	0.39056381583213806	0.23832179605960846	0.22263215482234955	0.5191063284873962	0.4292622208595276	0.013672109693288803	0.02330249734222889	0.020766528323292732	0.022061290219426155	0.37769579887390137	0.009628660045564175	0.6514283418655396	0.09875113517045975	0.03881979361176491	0.006729905493557453	0.002322474494576454	0.2144894301891327	0.21328549087047577	0.028560912236571312	
2020-06-12 05:15:03.814241	0.6235687136650085	0.25841131806373596	0.10390998423099518	0.39056381583213806	0.23832179605960846	0.22294844686985016	0.5191063284873962	0.4292622208595276	0.013672109693288803	0.023411722853779793	0.021560439839959145	0.022061290219426155	0.3790229558944702	0.009895927272737026	0.6514283418655396	0.09875113517045975	0.03881979361176491	0.007060264702886343	0.002322474494576454	0.2144894301891327	0.21605826914310455	0.028560912236571312	
2020-06-12 17:15:04.356427	0.629465639591217	0.2593863606452942	0.10390998423099518	0.39083337783813477	0.23943401873111725	0.22349269688129425	0.5201800465583801	0.43153223395347595	0.013703734613955021	0.023411722853779793	0.021560439839959145	0.022619780153036118	0.3967859745025635	0.009895927272737026	0.6514283418655396	0.10441471636295319	0.03881979361176491	0.007060264702886343	0.0025355855468660593	0.21733371913433075	0.21605826914310455	0.028560912236571312	
2020-06-13 05:15:04.701063	0.6315819621086121	0.25950559973716736	0.10796015709638596	0.39083337783813477	0.23943401873111725	0.22349269688129425	0.5201800465583801	0.43153223395347595	0.013703734613955021	0.023505348712205887	0.02239072695374489	0.022619780153036118	0.3904329240322113	0.010124512016773224	0.6695073843002319	0.10441471636295319	0.040360815823078156	0.007364427670836449	0.0025355855468660593	0.21733371913433075	0.21605826914310455	0.028576599434018135	
2020-06-13 17:15:03.973866	0.6356220841407776	0.26064491271972656	0.10796015709638596	0.3914056718349457	0.24023987352848053	0.22365620732307434	0.5210269689559937	0.4336313307285309	0.013743268325924873	0.023505348712205887	0.02239072695374489	0.023171883076429367	0.39182737469673157	0.010124512016773224	0.6695073843002319	0.11083704978227615	0.041999563574790955	0.007364427670836449	0.002753915498033166	0.2202029973268509	0.21808010339736938	0.028627581894397736	
2020-06-14 05:15:04.281589	0.6392679810523987	0.2607429325580597	0.11067009717226028	0.3914056718349457	0.24023987352848053	0.22369800508022308	0.5210269689559937	0.4336313307285309	0.013743268325924873	0.023571664467453957	0.02325514331459999	0.02366284467279911	0.40026265382766724	0.010212428867816925	0.6828005313873291	0.11083704978227615	0.041999563574790955	0.007607466075569391	0.002753915498033166	0.2202029973268509	0.21808010339736938	0.028627581894397736	
2020-06-14 17:15:03.977516	0.6442450284957886	0.26160407066345215	0.11067009717226028	0.39196470379829407	0.2408633977174759	0.22369800508022308	0.5217178463935852	0.4358615279197693	0.013743268325924873	0.023571664467453957	0.02325514331459999	0.02366284467279911	0.4011983871459961	0.010212428867816925	0.6828005313873291	0.11083704978227615	0.041999563574790955	0.007607466075569391	0.002753915498033166	0.22314609587192535	0.21960514783859253	0.028706012293696404	
2020-06-15 05:15:04.063367	0.6451033353805542	0.2617418169975281	0.1138865053653717	0.39196470379829407	0.2408633977174759	0.22369800508022308	0.5217178463935852	0.4358615279197693	0.0138381477445364	0.023641882464289665	0.024088619276881218	0.02366284467279911	0.40830090641975403	0.01047266274690628	0.6967639327049255	0.11809062212705612	0.04358065128326416	0.007607466075569391	0.002753915498033166	0.22314609587192535	0.2209106683731079	0.028706012293696404	
2020-06-19 17:39:22.615856	0.6820331811904907	0.26645272970199585	0.12832659482955933	0.393655002117157	0.24428285658359528	0.22746720910072327	0.5245838165283203	0.44459086656570435	0.014026325196027756	0.024002721533179283	0.027574695646762848	0.02597072534263134	0.4859408438205719	0.011907466687262058	0.7519292235374451	0.1478956937789917	0.05101998522877693	0.008964799344539642	0.0035402514040470123	0.23842714726924896	0.22984138131141663	0.0290550347417593	
2020-06-20 12:46:17.932035	0.6862144470214844	0.2671681344509125	0.1322278380393982	0.393655002117157	0.24428285658359528	0.22756150364875793	0.5245838165283203	0.44649848341941833	0.01407297421246767	0.024133404716849327	0.0286265779286623	0.026829447597265244	0.4886012673377991	0.012628384865820408	0.7519292235374451	0.1478956937789917	0.05101998522877693	0.009288366883993149	0.0035402514040470123	0.24119165539741516	0.22984138131141663	0.0290550347417593	
2020-06-20 17:15:03.894793	0.6920902132987976	0.26750198006629944	0.1322278380393982	0.3940916657447815	0.24428285658359528	0.22792552411556244	0.5260168313980103	0.44649848341941833	0.01407297421246767	0.024133404716849327	0.0286265779286623	0.026829447597265244	0.49076536297798157	0.012628384865820408	0.7622804641723633	0.15626883506774902	0.05253169685602188	0.009288366883993149	0.003887317841872573	0.24119165539741516	0.22984138131141663	0.029160916805267334	
2020-06-21 05:15:04.065325	0.6945579051971436	0.2676556408405304	0.13588634133338928	0.3940916657447815	0.24526487290859222	0.22822511196136475	0.5260168313980103	0.44649848341941833	0.01407297421246767	0.024227028712630272	0.029743457213044167	0.026829447597265244	0.5034540295600891	0.013328203931450844	0.7622804641723633	0.15626883506774902	0.05253169685602188	0.009609023109078407	0.003887317841872573	0.24119165539741516	0.23837925493717194	0.029160916805267334	
2020-06-21 17:15:04.371058	0.6982859373092651	0.2683630585670471	0.13588634133338928	0.39446213841438293	0.24526487290859222	0.22835281491279602	0.5267312526702881	0.4482971131801605	0.01407297421246767	0.024227028712630272	0.029743457213044167	0.027424443513154984	0.5049768686294556	0.013328203931450844	0.7622804641723633	0.16406027972698212	0.05253169685602188	0.009609023109078407	0.003942118026316166	0.24401094019412994	0.24005448818206787	0.029251113533973694	
2020-06-22 05:15:03.954996	0.7023980021476746	0.2684982120990753	0.1400303691625595	0.39446213841438293	0.2456999570131302	0.22865477204322815	0.5267312526702881	0.4482971131801605	0.01407297421246767	0.02426018752157688	0.030817437916994095	0.027424443513154984	0.5113816857337952	0.013328203931450844	0.773192822933197	0.16406027972698212	0.05397305265069008	0.009820530191063881	0.003942118026316166	0.24401094019412994	0.24005448818206787	0.029251113533973694	
2020-06-22 17:15:06.614403	0.7077199816703796	0.26912349462509155	0.1400303691625595	0.39482763409614563	0.24627141654491425	0.22905701398849487	0.5272274613380432	0.4497082829475403	0.014165481552481651	0.02426018752157688	0.030817437916994095	0.027999360114336014	0.5129619240760803	0.013328203931450844	0.773192822933197	0.17129024863243103	0.05551309883594513	0.009820530191063881	0.003942118026316166	0.24707429111003876	0.24356669187545776	0.029251113533973694	
2020-06-23 05:15:05.066992	0.7116801142692566	0.26929306983947754	0.14358027279376984	0.39482763409614563	0.24627141654491425	0.22930288314819336	0.5272274613380432	0.4497082829475403	0.014165481552481651	0.024349911138415337	0.03189953416585922	0.027999360114336014	0.5228410959243774	0.01423550583422184	0.7808083891868591	0.17129024863243103	0.05551309883594513	0.01014797855168581	0.004056067205965519	0.24707429111003876	0.24356669187545776	0.029302094131708145	
2020-06-23 17:15:04.662260	0.7193594574928284	0.26999783515930176	0.14358027279376984	0.39501455426216125	0.24706345796585083	0.2299545556306839	0.5277578830718994	0.45106494426727295	0.014206595718860626	0.024349911138415337	0.03189953416585922	0.029042420908808708	0.5257024168968201	0.01423550583422184	0.7910079956054688	0.17890802025794983	0.05551309883594513	0.01014797855168581	0.004216987639665604	0.24998526275157928	0.24801471829414368	0.029380526393651962	
2020-06-24 20:18:21.371897	0.7327315807342529	0.2708960473537445	0.15267416834831238	0.39596888422966003	0.2471875697374344	0.23065756261348724	0.5284721851348877	0.4520254135131836	0.014250872656702995	0.024449385702610016	0.03305663540959358	0.029471326619386673	0.5610073208808899	0.01535029336810112	0.802772581577301	0.18849852681159973	0.05820232257246971	0.010682081803679466	0.004216987639665604	0.25299862027168274	0.25468096137046814	0.029486408457159996	
2020-06-25 05:15:04.373462	0.732917070388794	0.2708960473537445	0.15267416834831238	0.39596888422966003	0.2471875697374344	0.23065756261348724	0.5284721851348877	0.4520254135131836	0.014250872656702995	0.024503998458385468	0.0342828631401062	0.029471326619386673	0.5610073208808899	0.01535029336810112	0.802772581577301	0.18849852681159973	0.05820232257246971	0.010682081803679466	0.004216987639665604	0.25299862027168274	0.25468096137046814	0.029486408457159996	
2020-06-25 17:15:05.034115	0.7408629059791565	0.2717757225036621	0.15267416834831238	0.3964584469795227	0.2471875697374344	0.23112304508686066	0.5293277502059937	0.45367228984832764	0.014318869449198246	0.024503998458385468	0.0342828631401062	0.030177654698491096	0.5681803822517395	0.01535029336810112	0.81464022397995	0.19959132373332977	0.05820232257246971	0.010682081803679466	0.004216987639665604	0.25608813762664795	0.2557785212993622	0.02963150665163994	
2020-06-26 05:15:04.374457	0.7459719777107239	0.2719028890132904	0.15740841627120972	0.3964584469795227	0.2471875697374344	0.23129132390022278	0.5293277502059937	0.45367228984832764	0.014318869449198246	0.02458006702363491	0.03553619235754013	0.030177654698491096	0.5801422595977783	0.01535029336810112	0.81464022397995	0.19959132373332977	0.05973553657531738	0.010970236733555794	0.004501425661146641	0.25608813762664795	0.2587939500808716	0.02963150665163994	
2020-06-26 17:15:05.350245	0.7536431550979614	0.2722022831439972	0.15740841627120972	0.396880179643631	0.24962039291858673	0.2318415492773056	0.5302239060401917	0.45570507645606995	0.014318869449198246	0.02458006702363491	0.03553619235754013	0.030177654698491096	0.5854452252388	0.01535029336810112	0.81464022397995	0.21007040143013	0.061323463916778564	0.010970236733555794	0.004501425661146641	0.2592169940471649	0.2587939500808716	0.02977660670876503	
2020-06-27 05:15:06.484325	0.758741021156311	0.27235859632492065	0.16162845492362976	0.396880179643631	0.24962039291858673	0.2320241630077362	0.5302239060401917	0.45570507645606995	0.01438765786588192	0.02458006702363491	0.03688053786754608	0.031093871220946312	0.6022099256515503	0.01680619642138481	0.8260499835014343	0.21007040143013	0.061323463916778564	0.011302050203084946	0.0047188857570290565	0.2592169940471649	0.26341524720191956	0.02977660670876503	
2020-06-27 17:15:05.646088	0.7674633264541626	0.27279314398765564	0.16162845492362976	0.39716964960098267	0.24962039291858673	0.23219485580921173	0.5314302444458008	0.45701611042022705	0.01438765786588192	0.02458006702363491	0.03688053786754608	0.031760044395923615	0.6041670441627502	0.01680619642138481	0.8260499835014343	0.21007040143013	0.062464822083711624	0.011302050203084946	0.0047188857570290565	0.26214104890823364	0.26341524720191956	0.02977660670876503	
2020-06-28 05:15:06.692442	0.7723397016525269	0.2729892134666443	0.16162845492362976	0.39716964960098267	0.24962039291858673	0.23219485580921173	0.5314302444458008	0.45701611042022705	0.01438765786588192	0.02458006702363491	0.038322996348142624	0.031760044395923615	0.6190932393074036	0.018040550872683525	0.8370442390441895	0.22222714126110077	0.062464822083711624	0.011679950170218945	0.0047188857570290565	0.26214104890823364	0.26341524720191956	0.02977660670876503	
2020-06-28 17:15:06.553775	0.7828647494316101	0.2729892134666443	0.16504883766174316	0.39745742082595825	0.24962039291858673	0.23257915675640106	0.532073974609375	0.4583433270454407	0.014540255069732666	0.02480047382414341	0.038322996348142624	0.032355036586523056	0.6323610544204712	0.018040550872683525	0.8370442390441895	0.23290684819221497	0.062464822083711624	0.011679950170218945	0.004845012445002794	0.26510438323020935	0.271467924118042	0.02977660670876503	
2020-06-29 05:15:05.344254	0.783428430557251	0.2735668122768402	0.16819000244140625	0.39745742082595825	0.24962039291858673	0.2326221466064453	0.532073974609375	0.4583433270454407	0.014540255069732666	0.024882392957806587	0.03973306342959404	0.032355036586523056	0.6328837275505066	0.018040550872683525	0.8474470376968384	0.23290684819221497	0.06370095908641815	0.011917652562260628	0.004948523361235857	0.26510438323020935	0.2744486629962921	0.03013347089290619	
2020-06-29 17:15:06.036082	0.7936012148857117	0.2735668122768402	0.16819000244140625	0.397665798664093	0.25164878368377686	0.2331484854221344	0.532501757144928	0.4595423936843872	0.014540255069732666	0.024882392957806587	0.03973306342959404	0.03325209021568298	0.6328837275505066	0.018040550872683525	0.8474470376968384	0.24324262142181396	0.06370095908641815	0.011917652562260628	0.005085088778287172	0.26812368631362915	0.2771521508693695	0.03013347089290619	
2020-06-30 05:15:04.275796	0.7969985008239746	0.27533671259880066	0.1711411476135254	0.397665798664093	0.25164878368377686	0.23320937156677246	0.532501757144928	0.4595423936843872	0.014608251862227917	0.02496626414358616	0.04107523337006569	0.03325209021568298	0.6447552442550659	0.019447220489382744	0.8563819527626038	0.24324262142181396	0.06523124128580093	0.012192224152386189	0.005085088778287172	0.26812368631362915	0.28237423300743103	0.03045111894607544	
2020-06-30 17:15:04.867169	0.8062313199043274	0.27595406770706177	0.1711411476135254	0.39790067076683044	0.25247761607170105	0.23363307118415833	0.533145546913147	0.46055737137794495	0.014608251862227917	0.02496626414358616	0.04107523337006569	0.03325209021568298	0.6447552442550659	0.019447220489382744	0.8563819527626038	0.2549525499343872	0.06523124128580093	0.012192224152386189	0.005085088778287172	0.2710489332675934	0.28237423300743103	0.03045111894607544	
2020-07-06 20:18:26.082492	0.900462806224823	0.2806782126426697	0.19921082258224487	0.3999532163143158	0.2578917443752289	0.23639851808547974	0.5385310649871826	0.4209527373313904	0.01563531905412674	0.025623580440878868	0.05053701624274254	0.04228193312883377	0.7636848092079163	0.02521105296909809	0.9271634817123413	0.34686484932899475	0.07448326051235199	0.013927940279245377	0.005085088778287172	0.28937071561813354	0.3552524447441101	0.03292171657085419	
2020-07-07 05:15:04.575527	0.9040259718894958	0.2806782126426697	0.20301280915737152	0.3999532163143158	0.2578917443752289	0.23639851808547974	0.5385310649871826	0.4209527373313904	0.01563531905412674	0.025709401816129684	0.05214947089552879	0.04228193312883377	0.7649959325790405	0.026062089949846268	0.9271634817123413	0.34686484932899475	0.07448326051235199	0.014206877909600735	0.005085088778287172	0.28937071561813354	0.3612832725048065	0.03367074206471443	
2020-07-07 17:15:04.055501	0.9149376153945923	0.2806782126426697	0.20301280915737152	0.40017980337142944	0.2586194574832916	0.23674583435058594	0.5392603874206543	0.4218085706233978	0.01563531905412674	0.025709401816129684	0.05214947089552879	0.043687283992767334	0.7732139229774475	0.026062089949846268	0.9271634817123413	0.34686484932899475	0.07448326051235199	0.014206877909600735	0.005085088778287172	0.2925102710723877	0.3612832725048065	0.03367074206471443	
2020-07-08 05:15:04.005969	0.9208602905273438	0.2812611162662506	0.20786648988723755	0.40017980337142944	0.2586194574832916	0.23674583435058594	0.5392603874206543	0.4218085706233978	0.01563531905412674	0.02583228051662445	0.05379816144704819	0.043687283992767334	0.7878525853157043	0.026062089949846268	0.9380061030387878	0.36395174264907837	0.07551614940166473	0.014206877909600735	0.005085088778287172	0.2925102710723877	0.3612832725048065	0.0343334898352623	
2020-07-08 17:15:03.981648	0.9296197295188904	0.2818254828453064	0.20786648988723755	0.40049901604652405	0.25963518023490906	0.23702751100063324	0.5400795936584473	0.42273658514022827	0.015950793400406837	0.02583228051662445	0.05379816144704819	0.045955926179885864	0.8059675693511963	0.027053792029619217	0.9490246176719666	0.36395174264907837	0.07551614940166473	0.014450887218117714	0.005085088778287172	0.2957141101360321	0.3779546916484833	0.03409819304943085	
2020-07-09 05:15:04.382146	0.9394184947013855	0.2820003628730774	0.21329179406166077	0.40049901604652405	0.25963518023490906	0.2372351884841919	0.5400795936584473	0.42273658514022827	0.015950793400406837	0.02592785470187664	0.055600982159376144	0.045955926179885864	0.807395875453949	0.028168579563498497	0.9490246176719666	0.3788062036037445	0.07651776820421219	0.01467403769493103	0.005892300978302956	0.2957141101360321	0.3876941204071045	0.03484721854329109	
2020-07-09 17:15:04.152388	0.9394184947013855	0.2820003628730774	0.21329179406166077	0.40049901604652405	0.26058655977249146	0.2372351884841919	0.5400795936584473	0.423682302236557	0.015950793400406837	0.02592785470187664	0.055600982159376144	0.045955926179885864	0.807395875453949	0.028168579563498497	0.9490246176719666	0.3788062036037445	0.07651776820421219	0.01467403769493103	0.005892300978302956	0.2957141101360321	0.3876941204071045	0.03484721854329109	
2020-07-10 05:15:04.163593	0.9562032222747803	0.28307870030403137	0.2189381718635559	0.40085291862487793	0.26058655977249146	0.2377520054578781	0.541240930557251	0.423682302236557	0.015950793400406837	0.02601562812924385	0.057521700859069824	0.04722895845770836	0.8275817036628723	0.028168579563498497	0.9597519636154175	0.40186187624931335	0.0774460956454277	0.01467403769493103	0.005892300978302956	0.29818931221961975	0.4105234444141388	0.03552565351128578	
2020-07-10 17:15:04.406244	0.9713136553764343	0.28355830907821655	0.2189381718635559	0.40130940079689026	0.26159462332725525	0.23798353970050812	0.543063223361969	0.4244365394115448	0.015950793400406837	0.02601562812924385	0.057521700859069824	0.048287533223629	0.8322237133979797	0.02944161556661129	0.9597519636154175	0.4226817190647125	0.0774460956454277	0.01491610612720251	0.006193265318870544	0.30088239908218384	0.4189920127391815	0.03602369502186775	
2020-07-11 05:15:04.516205	0.9783060550689697	0.2838338613510132	0.22428280115127563	0.40130940079689026	0.26159462332725525	0.2382127046585083	0.543063223361969	0.4244365394115448	0.015950793400406837	0.026083894073963165	0.05948647856712341	0.048287533223629	0.848862886428833	0.030957302078604698	0.9694511294364929	0.4226817190647125	0.07840471714735031	0.015195044688880444	0.006193265318870544	0.30088239908218384	0.4189920127391815	0.036702126264572144	
2020-07-11 17:15:04.146323	0.9942499995231628	0.28441938757896423	0.22428280115127563	0.40162038803100586	0.26159462332725525	0.23847289383411407	0.543063223361969	0.4256443977355957	0.015950793400406837	0.026083894073963165	0.05948647856712341	0.049481168389320374	0.8518517017364502	0.030957302078604698	0.9694511294364929	0.4226817190647125	0.07840471714735031	0.015195044688880444	0.006193265318870544	0.30088239908218384	0.4189920127391815	0.036702126264572144	
2020-07-13 19:38:40.084047	1.0170657634735107	0.2850658893585205	0.2324855476617813	0.40200740098953247	0.26159462332725525	0.23864954710006714	0.543063223361969	0.42738261818885803	0.015950793400406837	0.026290645822882652	0.06364139169454575	0.052021753042936325	0.8779550194740295	0.033285342156887054	0.989710807800293	0.46576988697052	0.08019786328077316	0.015808705240488052	0.006193265318870544	0.3063387870788574	0.4467661380767822	0.03841978311538696	
2020-07-14 05:15:04.676571	1.0357807874679565	0.28656288981437683	0.23611921072006226	0.4022868871688843	0.2640841603279114	0.2392236441373825	0.5474371314048767	0.42738261818885803	0.015950793400406837	0.026355011388659477	0.06570646166801453	0.052021753042936325	0.8867952823638916	0.03413637727499008	1.0012266635894775	0.4852510094642639	0.08110762387514114	0.016257429495453835	0.006755182519555092	0.30913546681404114	0.4694336950778961	0.03941194340586662	
2020-07-15 05:15:03.741116	1.0525308847427368	0.28743988275527954	0.24158796668052673	0.4024754762649536	0.2640841603279114	0.2396187037229538	0.5488616228103638	0.42920923233032227	0.015950793400406837	0.02643108367919922	0.06783898919820786	0.05251362547278404	0.9064871668815613	0.03413637727499008	1.0125818252563477	0.5029482245445251	0.08110762387514114	0.016257429495453835	0.006755182519555092	0.3121369183063507	0.4694336950778961	0.04040802642703056	
2020-07-17 05:15:04.183663	1.067636489868164	0.28950124979019165	0.2513256072998047	0.4024754762649536	0.2640841603279114	0.2396187037229538	0.5488616228103638	0.4309459626674652	0.01809822767972946	0.026667091995477676	0.07274121791124344	0.055909283459186554	0.9478469491004944	0.03817000612616539	1.0359927415847778	0.5466669797897339	0.08381443470716476	0.016257429495453835	0.007371899671852589	0.31795644760131836	0.5321335196495056	0.04405117779970169	
2020-07-18 05:15:04.239582	1.1110039949417114	0.28950124979019165	0.2569541037082672	0.4024754762649536	0.2640841603279114	0.2396187037229538	0.5488616228103638	0.4342617988586426	0.01809822767972946	0.02674316056072712	0.07526903599500656	0.05749259144067764	0.9711768627166748	0.03935512527823448	1.0479756593704224	0.5692151188850403	0.08381443470716476	0.016257429495453835	0.007371899671852589	0.32078883051872253	0.5377599596977234	0.04405117779970169	
2020-07-18 17:15:04.179487	1.1110039949417114	0.2910141348838806	0.2569541037082672	0.4024754762649536	0.26760318875312805	0.2396187037229538	0.5488616228103638	0.4331761598587036	0.019080229103565216	0.02674316056072712	0.07526903599500656	0.059594232589006424	0.9711768627166748	0.03935512527823448	1.0479756593704224	0.591614842414856	0.08381443470716476	0.016257429495453835	0.007371899671852589	0.3233675956726074	0.5377599596977234	0.04405117779970169	
2020-07-21 21:01:48.748392	1.1995887756347656	0.2959476113319397	0.27099087834358215	0.40480419993400574	0.271684467792511	0.24335211515426636	0.5693407654762268	0.43575549125671387	0.020348450168967247	0.02694796212017536	0.0837092250585556	0.06457684189081192	1.0192594528198242	0.04492202401161194	1.0981699228286743	0.6437471508979797	0.08704599738121033	0.01833757385611534	0.009630875661969185	0.33196476101875305	0.6243634819984436	0.048047278076410294	
2020-07-22 05:15:04.544892	1.1995887756347656	0.2959476113319397	0.2763107120990753	0.40480419993400574	0.271684467792511	0.24335211515426636	0.5693407654762268	0.43575549125671387	0.020348450168967247	0.027070842683315277	0.08644284307956696	0.06457684189081192	1.0192594528198242	0.04492202401161194	1.0981699228286743	0.6437471508979797	0.08704599738121033	0.01833757385611534	0.009630875661969185	0.33196476101875305	0.6315380930900574	0.048047278076410294	
2020-07-22 17:15:04.050299	1.1995887756347656	0.2959476113319397	0.2763107120990753	0.40480419993400574	0.271684467792511	0.24335211515426636	0.5693407654762268	0.4365804195404053	0.020348450168967247	0.027070842683315277	0.08644284307956696	0.06595025211572647	1.0192594528198242	0.04492202401161194	1.0981699228286743	0.6437471508979797	0.08704599738121033	0.01833757385611534	0.009630875661969185	0.33196476101875305	0.6315380930900574	0.050533562898635864	
2020-07-25 15:58:26.918637	1.242445940410308	0.2999113405133157	0.2933971323795436	0.40619018023041514	0.2765716095768159	0.24463398964923375	0.5826591669411841	0.438844462373846	0.022759966378249626	0.02748629610554566	0.09687367768762561	0.06976021900423356	1.1024522145730198	0.05015835593970166	1.1402482857045284	0.7115247360884215	0.08899450863074358	0.019180692166801593	0.010379808257202272	0.33816409994129387	0.6871325689284371	0.05331396801648196	
2020-07-26 05:15:05.093118	1.242445940410308	0.2999113405133157	0.2933971323795436	0.40619018023041514	0.2765716095768159	0.24463398964923375	0.5826591669411841	0.438844462373846	0.022759966378249626	0.02748629610554566	0.09687367768762561	0.06976021900423356	1.1024522145730198	0.05015835593970166	1.1402482857045284	0.7115247360884215	0.08899450863074358	0.019180692166801593	0.010379808257202272	0.33816409994129387	0.6871325689284371	0.05331396801648196	
2020-07-26 10:44:11.714306	1.2622336973367625	0.300838685571576	0.2986331952440355	0.40664335873680024	0.2765716095768159	0.24499802121986575	0.5826591669411841	0.43997429750291267	0.023231200310071927	0.02759942448860851	0.10039982590345174	0.07155614950238033	1.12651466295657	0.05015835593970166	1.1521463124275633	0.7321018218409477	0.08949385194054582	0.01939316954784459	0.011040887137238619	0.33816409994129387	0.7010311898686794	0.05470613121220473	
2020-07-27 10:45:04.966647	1.2791498760534097	0.3017792784163829	0.30288347290622114	0.4070634585200916	0.2765716095768159	0.24540382690516044	0.5826591669411841	0.4410717253662172	0.023711131512447994	0.027648186722687325	0.10401800281236062	0.0734141345096094	1.1380775475122797	0.05437836765726753	1.1670469000620953	0.7510417107509878	0.08996192521920585	0.019662404585467568	0.012149933942562753	0.34666243234298155	0.7157963083737746	0.05648260988167632	
2020-07-28 10:45:05.148191	1.2961415828660539	0.30363131897559426	0.3067405223248432	0.4073413197940796	0.2804797799217511	0.24615934160748848	0.5962641935761089	0.44208076977744354	0.023711131512447994	0.027702800424855595	0.10747473095891649	0.07486694007518342	1.1490316611096087	0.05622462278370259	1.1819687179252947	0.763006230621516	0.09037234437794742	0.01997675468344899	0.012653571668274653	0.3495602946385416	0.7447026671372712	0.058568893882027066	
2020-07-29 10:45:04.907831	1.314792188779177	0.304646099425062	0.31233103352722175	0.4076754148973271	0.28159049081946885	0.2469757271626107	0.6001739544138142	0.44293661620506763	0.024773779841926476	0.027796423914286914	0.1109901545711393	0.07635716085946882	1.1682338214166252	0.05827484514315334	1.1980066392384243	0.7752000592156058	0.09082673701798273	0.020279462185208878	0.013221577600726935	0.35273556117192645	0.7689299390505613	0.06001595928828539	
2020-07-30 10:45:13.089381	1.3374460858925266	0.305907288704296	0.3167922738762896	0.40815174850987795	0.283723055743087	0.2469757271626107	0.6045178954758378	0.44406055910399567	0.025664064082248472	0.02783153272282366	0.1147671715550382	0.07801164357956034	1.2007301469028775	0.05827484514315334	1.2152273875772954	0.7943574541943179	0.09122640710351916	0.02047544588827137	0.013752180386019268	0.3558739198453432	0.7920480940808395	0.061106160326062656	
2020-07-31 10:45:06.460692	1.3579993956000067	0.3067789930590607	0.32278764729393467	0.4087835521209697	0.285832640441235	0.24805230577477486	0.6104830612178289	0.4453067657782986	0.026703783243903385	0.027901750339897155	0.11875831829331471	0.08155970139297225	1.2279399505503914	0.06280432438667405	1.2358783342908166	0.8129820436094609	0.09161825968127005	0.02070878292087795	0.014452402094478818	0.35899441987683994	0.8131097615572002	0.06393362416864327	
2020-08-01 10:45:13.260378	1.378247873912043	0.30813821595873936	0.3293476561382351	0.40941039392359735	0.28789473267341176	0.2502305274679007	0.6170962890680391	0.4466030564087791	0.027176598497644554	0.027962215510154882	0.12289729064882644	0.08519171530690726	1.2525838834042342	0.06531874803505705	1.2578455551817014	0.8315526780308249	0.0919319371811654	0.02093290289814248	0.015248306272417316	0.3621780204431208	0.8199377623682419	0.06629441922167176	
2020-08-02 10:45:12.641017	1.3958933519236376	0.30889863890651287	0.3367592717111997	0.409898305089231	0.28789473267341176	0.2505169785398734	0.6170962890680391	0.44773878376798426	0.028527838077316223	0.027962215510154882	0.1268635823936168	0.08964321376725277	1.2739388535300697	0.068374739853861	1.2804345184835526	0.8485940255972607	0.09216450803778561	0.02112015465403882	0.01565626152865027	0.36521160841727324	0.8351072464036019	0.06777285731966466	
2020-08-03 10:45:12.674790	1.4102470133992975	0.3096537627396677	0.3405232493561973	0.41029194189404733	0.28789473267341176	0.25112449352168226	0.6170962890680391	0.44883326551621955	0.030102044047548106	0.02806559144640197	0.13070212092115924	0.09416315470085082	1.2860766361623959	0.07105796397094663	1.3006547948441116	0.862411562285392	0.09232769851280904	0.02126762753951159	0.01565626152865027	0.3684083053209621	0.8436797956452142	0.0702865942448993	
2020-08-04 10:45:13.893446	1.424025452895844	0.31004324766413704	0.34422052556343075	0.41055491774264313	0.29306681541919816	0.2521736205727823	0.6353446914024488	0.4502002629083627	0.03151416452109614	0.028131908084749156	0.13447384806679435	0.09703317574590753	1.2939055059602462	0.07105796397094663	1.3135445765348834	0.8714776873338461	0.09248111710310053	0.021407338694169997	0.016778355943448807	0.3715014221015147	0.8653768946691337	0.07183562089929507	
2020-08-05 10:45:04.965513	1.441404467784761	0.3120569112192166	0.34898890276545946	0.41086916561203435	0.294658579036755	0.2530580382574981	0.6476642879151303	0.4511872114565695	0.03251909460053598	0.028196274233733186	0.1382788359763074	0.10274857854565	1.3181824825949726	0.07539050933431425	1.3341378983420222	0.8789909202175937	0.09259056221209828	0.02155481157964276	0.01728982223484535	0.37477669702965183	0.8854680848728588	0.07344739293716003	
2020-08-06 10:45:14.017106	1.45735721010887	0.31310348635639607	0.35375029958446635	0.41150427709543536	0.29725534451486757	0.25430529396671264	0.6539802199467186	0.452499705719931	0.03341570412853345	0.028280145276348746	0.14235722881416785	0.10583944063773491	1.3450700234090311	0.07841836774166776	1.3575942681294173	0.8934221949599629	0.09271075639430118	0.02177650601602781	0.017689079084762038	0.37798768084687684	0.9049007369272957	0.0762513272609397	
2020-08-07 10:45:14.077989	1.4754099356140806	0.31409442079007993	0.3588614911526786	0.41216750549346626	0.2997126966251287	0.2556742913815156	0.6627237113605802	0.4538991103778362	0.03464280993757407	0.0283191550636118	0.14688895354488313	0.109015171396653	1.3700696215214028	0.07841836774166776	1.3812053152971016	0.9074285741263212	0.09283876808428962	0.021948234310295436	0.018179669200999535	0.3811236583680375	0.9248879474232384	0.07789055040407243	
2020-08-08 10:58:17.822047	1.4929777707429903	0.3152178330892296	0.3640711836813102	0.41308047825085537	0.3032179470168228	0.25701345014298804	0.6723633678679856	0.45518214349050495	0.0359268433356939	0.028403026106227358	0.1513481422742001	0.11202116482190476	1.393700661119145	0.084984002638914	1.406881760425119	0.9197235683337466	0.09297655165901	0.02216313723221792	0.018659821229657515	0.3840405698816457	0.9357133903334687	0.07949840085547055	
2020-08-09 10:45:05.493234	1.5099628310831867	0.31584312861422803	0.3691086934287365	0.41365439409653293	0.3032179470168228	0.2576758682469249	0.6723633678679856	0.45629872110175984	0.0359268433356939	0.02847324372330085	0.1560147216488736	0.1157909762486549	1.4172093819771814	0.084984002638914	1.4285274949961866	0.9327267218345238	0.09313974213403343	0.02238289123589938	0.01935656357559056	0.3865705441536527	0.9527429558080466	0.08116899669033789	
2020-08-10 10:45:06.283175	1.5241158899358784	0.31649227015501025	0.37250271077357666	0.41442016653615454	0.3032179470168228	0.25819625436100874	0.6723633678679856	0.4578631082035443	0.03794381944320849	0.02852785742546912	0.16051209866264302	0.11855422703543764	1.4280345904411285	0.09074783530982271	1.4497941183410554	0.9439729658503669	0.093313681682262	0.02259488350876648	0.019848023532459687	0.3889755079322194	0.9589470783723941	0.08268272906653222	
2020-08-11 10:45:13.625922	1.5390795163148105	0.31825687532301417	0.3768134850886182	0.4148485360002193	0.3106543479789221	0.25934921992569887	0.6907957086225497	0.4590651231518081	0.03813990336114797	0.028594174063816306	0.16439621675549965	0.1246912354704158	1.4384072195681643	0.09074783530982271	1.4652891523782678	0.9502789557483061	0.0934837124765978	0.022735564879776682	0.02052041034070718	0.39151381623712245	0.9845954062920431	0.08391018563064837	
2020-08-12 10:45:05.559624	1.5532223033464467	0.3190225973854063	0.38199913407573016	0.4155299576959518	0.3127945729776969	0.2608125074850262	0.6985638986458239	0.4607561932015714	0.039147205423466114	0.028699500489426544	0.16881381141408475	0.12733767776951418	1.4629462405798752	0.09824890613779605	1.4851454819616754	0.9545127366664143	0.09364788014009444	0.022940765638181225	0.02102839726957722	0.3943057172572903	1.004663489894039	0.08514940695416498	
2020-08-13 10:45:05.682122	1.5701227722191264	0.3201433601272466	0.386542587824833	0.4163172313055845	0.316661378916786	0.2625371816475286	0.7053482320031549	0.4622425082540201	0.03988410143765803	0.028808727893763087	0.17366879598719537	0.13118049450106706	1.4888942793816564	0.10229308403379668	1.5120623790218166	0.9592506595576465	0.09377393745313649	0.02316051964186268	0.021848656985201262	0.3972940633385786	1.0230910047732462	0.0867729437514304	
2020-08-14 10:45:14.098813	1.585558902366616	0.3212164308375193	0.39225952151971816	0.41718058597833285	0.32075032703541867	0.26426662999456385	0.7214963142376593	0.4622425082540201	0.040729318003292325	0.029009628298167795	0.17834653474669937	0.1346272574540652	1.5171644924110796	0.10679794654229824	1.5406958917141875	0.965903984728039	0.09391562978174965	0.023341464991472355	0.022793303911147936	0.40041932567458727	1.0377405902696943	0.0876788302252669	
2020-08-15 10:45:05.666190	1.605147265119638	0.322323945792813	0.39661683172157197	0.4181299453311252	0.32511044181459764	0.2659554977730697	0.7332149026565798	0.46602679306050254	0.04236124222356285	0.029333409532451123	0.18305680963470272	0.14022493919981333	1.5409903010789685	0.11035682309077878	1.5658688771338123	0.9764842217894207	0.0940250748907474	0.023501065581342552	0.023696198486776527	0.40339695657072355	1.0522746427574956	0.08918864101499442	
2020-08-16 10:45:05.796220	1.619674339103707	0.32295189087512066	0.4015380017519676	0.41917027117242533	0.330181411568316	0.266701464106332	0.7332149026565798	0.46602679306050254	0.043260223734438615	0.02987759606477068	0.18765751965346109	0.14411064654793776	1.5605500084712782	0.11466826839555858	1.5947025605536163	0.9840935620058376	0.09413842875363793	0.023658725738509162	0.025133175210223953	0.406069799978091	1.0668664617496204	0.09033374426330724	
2020-08-17 10:45:17.322716	1.6323944789191431	0.3234765032223651	0.4049878621609825	0.4199591987182127	0.3348004368877905	0.2673710434870682	0.7332149026565798	0.46914525586132905	0.04344840104278377	0.030261842469311732	0.1918590280421464	0.14715405519190095	1.5714180284941222	0.11870541293869659	1.625465161892322	0.9903186194131078	0.09427425795141192	0.023803287974926545	0.025987358710481447	0.40860929885912206	1.0707599241410266	0.09132590563941388	
2020-08-18 10:45:17.540642	1.6429853306522308	0.3255564057101775	0.407757523024425	0.42048845828771364	0.3355557202982386	0.2673710434870682	0.7680113463483882	0.47019554588352525	0.044243805967973754	0.030741662852647258	0.19585024724396075	0.1500934312765202	1.580532185972264	0.12238737316227283	1.642288601666136	0.9946029831378841	0.09438663462582926	0.0240055780842757	0.027257326032656536	0.41128452341874555	1.0990539579586935	0.09254551903059638	
2020-08-19 10:45:17.983319	1.6563057677746513	0.32630358087140443	0.4120279662375626	0.42115168668574443	0.33898436993836595	0.2708323272734052	0.778949265891071	0.47179970553874495	0.045502538215391714	0.03132095819350356	0.2005263918056318	0.15441808301977097	1.603012488503391	0.1255347985682907	1.6660300630956333	0.998410182386426	0.09438663462582926	0.024204472436393575	0.028462925148091237	0.4141240474840335	1.1138421830655183	0.09322787507582388	
2020-08-20 10:45:17.609100	1.6706337496976724	0.3271938321273343	0.41652023051117193	0.42221351369705573	0.34476925869668634	0.27286971052281117	0.7932173263660882	0.4729958282568702	0.04625445678781287	0.031882699130091494	0.20557362214468616	0.15858029795983575	1.6262050624649578	0.12965282666934871	1.6936263274731231	1.0050129247501505	0.09470324369114418	0.024492141584700644	0.029625032231944605	0.4141240474840335	1.1318653324144607	0.09409062409852531	
2020-08-21 10:45:20.064287	1.68392820515507	0.32820861257680206	0.4217749077303887	0.4236028200669957	0.3520785024111848	0.27286971052281117	0.8082724721738599	0.4747369822628111	0.04721906315832161	0.03251465768375292	0.2105662149761937	0.16245687964485986	1.647527571079102	0.13211098349483083	1.7198274625382	1.0115549677458733	0.09481171161166874	0.02472305307642774	0.031171608874977004	0.4197471385365931	1.150697212823933	0.09504356960996371	
2020-08-22 10:45:17.980402	1.6989975708683978	0.3295307416741503	0.42637265334743923	0.4251690976054875	0.35910432334488646	0.2770005736898844	0.8256995680740907	0.4762586506960912	0.0480192120492682	0.033162220152319566	0.2156298220748045	0.1664201551293372	1.6618082839397326	0.13429483955867116	1.747147733943017	1.0172843136477978	0.09493190579387163	0.02488798985623281	0.03276254739022237	0.4223735494749684	1.1636022498898104	0.09571416089579074	
2020-08-23 10:45:18.076518	1.712404714245023	0.33021167790264433	0.4314000803193894	0.42694046322716095	0.3646226414877545	0.27793392676606216	0.8256995680740907	0.4781559488007036	0.04882094226213366	0.033936564429491126	0.22064712497272249	0.1708771289875429	1.6853461731126218	0.13699916373434462	1.7749563006071785	1.0235346624584019	0.09501887556798591	0.02517953986994706	0.0339524893742878	0.42478803786255914	1.1793609522692705	0.09647887025682156	
2020-08-24 10:45:07.199815	1.722829404166917	0.3309191097042315	0.43446214167163555	0.4289400720381815	0.3721249190962012	0.2787825380667813	0.8256995680740907	0.47968940169426066	0.048826476888849696	0.0344553946000897	0.22509696590565542	0.1730234849487427	1.6963647392766419	0.1391337863281467	1.8025252689763822	1.028134325678075	0.09501887556798591	0.025335744702585976	0.03537728832889245	0.42730372522103016	1.1917345374953714	0.09730240341485474	
2020-08-25 10:45:18.480559	1.7343997042488943	0.3329089272435272	0.437208534591672	0.4305162731936016	0.37512000848246085	0.28030789002503603	0.8671541548117285	0.4811212136179278	0.04990731042039514	0.035001531621772414	0.22951543012669487	0.1772678308567105	1.704399198648536	0.14185569388597669	1.8210622914926164	1.030961904570814	0.09525437799002573	0.025491464427048995	0.03665769373864706	0.42730372522103016	1.2138244487486909	0.09771024840740453	
2020-08-26 10:45:18.825281	1.7459159262141377	0.33376208469712676	0.44102137491782245	0.43196512126511033	0.38018178614599113	0.2821889187309903	0.8823761284889429	0.4828653137389381	0.050461563752957954	0.035625688217981226	0.23438142915756027	0.1799252239515293	1.7265737043303993	0.1447393685596467	1.842122678330433	1.0336040131724373	0.0953921615647461	0.0256137116873751	0.03800159751451042	0.4299765686283976	1.237104349991075	0.09824750575335951	
2020-08-27 10:45:19.395878	1.7588608376432608	0.33494908637169996	0.4451064501818246	0.4342243980524174	0.38849909575110797	0.28398759275375224	0.8979809507383396	0.48440907803523764	0.051130462924638596	0.036485854027131503	0.23987126678586607	0.18466783106477563	1.748760912342924	0.1447393685596467	1.8603078856287547	1.0381294882756642	0.09559346239022412	0.02572092059424839	0.039335063202794264	0.4326113135996689	1.2588938754219121	0.09884358689631685	
2020-08-28 10:45:18.722986	1.772730515079772	0.3360910455720148	0.44978020441400174	0.4365547940943762	0.3978612396075952	0.28586265372904035	0.9186376630854711	0.4866510716029552	0.05184601109292582	0.037209485580861096	0.24547023450218966	0.18760629458308486	1.7695715640770695	0.1508583855501172	1.88644836289764	1.0424880401168868	0.09582505605837115	0.02586451261431398	0.04036669419190361	0.4378891375751076	1.275519075366225	0.09930241251293537	
2020-08-29 10:45:18.628569	1.7877316033943185	0.3374423197997655	0.4542972878272444	0.4389695408802242	0.409165978523815	0.2876279084600722	0.9395531725121228	0.48853069301715196	0.0525180729084442	0.037839493645159365	0.25101166616945203	0.19122279486974933	1.7899950299543772	0.1543082451292273	1.9106022973412413	1.0455853939785216	0.09604296908789345	0.025942129922457542	0.04187412800651281	0.4404072060858346	1.293969696847162	0.09979653240775527	
2020-08-30 10:45:18.004836	1.8010677503607062	0.3382769303521998	0.45893071095751753	0.44135782468759704	0.4175200564896838	0.2885648421746496	0.9395531725121228	0.49016284076552974	0.05318301877532768	0.038422689964741984	0.256718966874877	0.19449617022384103	1.809448414134482	0.15806053888142962	1.939335895397329	1.0496792291315151	0.09625013304421062	0.026063406966431855	0.04319106672279574	0.442675253609681	1.312720704150581	0.1001847694679709	
2020-08-31 10:45:18.725250	1.811817211095388	0.33898436215378697	0.46213315556831397	0.44361544753874954	0.4258128538542993	0.2892929053159136	0.9395531725121228	0.4926891344374322	0.05365820601194715	0.038906411326803815	0.2624082241593747	0.19838826553613573	1.8170500533504945	0.16130291455109272	1.9627831665152953	1.0539028934882897	0.0964748863930453	0.026130351894705677	0.04446799277002384	0.4447635241381988	1.3173073645938698	0.10066712460339035	